distance_km,normal_time_min,traffic_delay_min,traffic_status,created_at
85.42,90,5,MODERATE,
77.23,93,5,MODERATE,
85.42,90,4,LOW,
77.23,93,4,LOW,
85.42,90,5,MODERATE,
77.23,93,5,MODERATE,
85.42,90,4,LOW,
77.23,93,4,LOW,
85.42,90,4,LOW,
77.23,93,4,LOW,
85.42,90,3,LOW,2026-10-08 18:22:45.249219
77.23,93,3,LOW,2026-10-08 18:22:45.249219
788.38,654,77,HIGH,2026-10-08 18:29:18.248338
876.58,787,71,HIGH,2026-10-08 18:29:18.248338
870.48,884,68,HIGH,2026-10-08 18:29:18.248338
85.42,90,3,LOW,2026-10-08 19:15:04.980636
77.23,93,4,LOW,2026-10-08 19:15:04.980636
85.42,90,3,LOW,2026-10-08 19:19:27.763150
77.23,93,4,LOW,2026-10-08 19:19:27.763150
85.42,90,0,LOW,2026-10-09 08:22:44.119897
85.42,90,0,LOW,2026-10-09 08:25:43.807640
85.42,90,0,LOW,2026-10-09 08:31:08.522628
85.42,90,-2,LOW,2026-10-09 09:17:48.567394
85.42,90,-1,LOW,2026-10-09 09:37:45.466374
85.42,90,-1,LOW,2026-10-09 09:43:47.286441
788.38,654,33,HIGH,2026-10-09 09:45:30.584007
1119.95,1365,94,HIGH,2026-10-09 09:46:19.175742
1386.09,1504,33,HIGH,2026-10-09 09:46:19.175742
1302.06,1535,76,HIGH,2026-10-09 09:46:19.175742
86.66,95,0,LOW,2026-10-09 10:00:38.708961
78.47,99,0,LOW,2026-10-09 10:00:38.708961
93.39,103,0,LOW,2026-10-09 10:00:38.708961
86.66,94,1,LOW,2026-10-09 10:25:15.329503
86.66,94,1,LOW,2026-10-09 10:25:27.922251
85.42,90,1,LOW,2026-10-09 10:49:44.895363
85.42,90,1,LOW,2026-10-09 10:50:12.640935
685.13,693,0,HIGH,2026-10-09 10:59:34.245119
691.55,720,1,HIGH,2026-10-09 10:59:34.245119
760.72,684,36,HIGH,2026-10-09 10:59:34.245119
85.42,90,3,LOW,2026-10-09 11:11:31.420723
85.42,90,2,LOW,2026-10-09 11:15:52.859922
85.42,90,2,LOW,2026-10-09 11:19:01.216808
85.42,90,2,LOW,2026-10-09 11:19:14.659720
85.42,90,3,LOW,2026-10-09 11:20:04.731421
85.42,90,2,LOW,2026-10-09 11:22:17.484898
86.66,94,4,LOW,2026-10-09 11:23:00.195735
85.42,90,3,LOW,2026-10-09 11:25:18.204180
85.42,90,3,LOW,2026-10-09 11:32:32.895611
85.42,90,3,LOW,2026-10-09 11:32:59.778959
85.42,90,3,LOW,2026-10-09 11:34:32.588426
85.42,90,4,LOW,2026-10-09 11:37:22.796440
85.42,90,4,LOW,2026-10-09 11:39:01.214766
85.42,90,4,LOW,2026-10-09 11:39:24.078225
85.42,90,5,LOW,2026-10-09 11:50:39.396143
912.56,930,11,HIGH,2026-10-09 12:08:29.889883
85.42,90,7,LOW,2026-10-09 12:28:05.984975
86.66,94,8,LOW,2026-10-09 12:28:27.778453
86.62,94,7,LOW,2026-10-09 12:35:59.459430
1.17,4,0,LOW,2026-10-09 12:40:47.171976
85.42,91,11,LOW,2026-10-09 12:50:32.463779
77.23,94,14,LOW,2026-10-09 12:50:32.463779
78.71,103,12,LOW,2026-10-09 12:50:32.463779
537.66,603,51,HIGH,2026-10-09 12:52:00.755356
597.2,655,25,HIGH,2026-10-09 12:52:00.755356
550.98,651,56,HIGH,2026-10-09 12:52:00.755356
1.06,4,0,LOW,2026-10-09 12:52:41.983971
85.42,90,9,LOW,2026-10-09 15:37:11.027915
77.23,93,8,LOW,2026-10-09 15:37:11.027915
789.58,658,37,HIGH,2026-10-09 15:40:13.244745
877.77,790,34,HIGH,2026-10-09 15:40:13.244745
1118.93,1390,25,HIGH,2026-10-09 17:06:34.310317
1249.34,1523,57,HIGH,2026-10-09 17:06:34.310317
1391.62,1559,53,HIGH,2026-10-09 17:06:34.310317
